seed,optimizer,step,train_loss,cum_flops
7,celo,0,10.81160831451416,0.0
7,celo_pruned,0,10.732970237731934,0.0
7,celo_q8,0,10.757091522216797,0.0
7,adam,0,10.827643394470215,0.0
7,adafactor,0,10.9063138961792,0.0
7,sgd,0,10.8394136428833,0.0
7,celo,50,7.630780220031738,2191854400.0
7,celo_pruned,50,8.056777000427246,2162183200.0
7,celo_q8,50,7.5805134773254395,2147347600.0
7,adam,50,10.594698905944824,6397536000.0
7,adafactor,50,10.655168533325195,5331280000.0
7,sgd,50,9.995305061340332,4265024000.0
7,celo,100,6.8624491691589355,4383708800.0
7,celo_pruned,100,7.012356758117676,4324366400.0
7,celo_q8,100,6.862066268920898,4294695200.0
7,adam,100,10.540531158447266,12795072000.0
7,adafactor,100,10.758545875549316,10662560000.0
7,sgd,100,9.236332893371582,8530048000.0
7,celo,150,7.251063823699951,6575563200.0
7,celo_pruned,150,7.157944679260254,6486549600.0
7,celo_q8,150,7.342794895172119,6442042800.0
7,adam,150,10.3681058883667,19192608000.0
7,adafactor,150,10.791531562805176,15993840000.0
7,sgd,150,8.847291946411133,12795072000.0
7,celo,200,7.226321220397949,8767417600.0
7,celo_pruned,200,7.401972770690918,8648732800.0
7,celo_q8,200,7.233315467834473,8589390400.0
7,adam,200,9.889108657836914,25590144000.0
7,adafactor,200,10.415288925170898,21325120000.0
7,sgd,200,8.469491958618164,17060096000.0
7,celo,250,7.529718399047852,10959272000.0
7,celo_pruned,250,7.779718399047852,10810916000.0
7,celo_q8,250,7.670225143432617,10736738000.0
7,adam,250,9.811394691467285,31987680000.0
7,adafactor,250,10.561046600341797,26656400000.0
7,sgd,250,9.09958267211914,21325120000.0
7,celo,300,7.096582412719727,13151126400.0
7,celo_pruned,300,7.078423023223877,12973099200.0
7,celo_q8,300,7.05129337310791,12884085600.0
7,adam,300,9.30525016784668,38385216000.0
7,adafactor,300,10.841865539550781,31987680000.0
7,sgd,300,7.875824451446533,25590144000.0
7,celo,350,5.801998138427734,15342980800.0
7,celo_pruned,350,6.010713577270508,15135282400.0
7,celo_q8,350,5.919700622558594,15031433200.0
7,adam,350,8.702808380126953,44782752000.0
7,adafactor,350,10.413028717041016,37318960000.0
7,sgd,350,7.919053077697754,29855168000.0
7,celo,400,7.308247089385986,17534835200.0
7,celo_pruned,400,7.455639839172363,17297465600.0
7,celo_q8,400,7.463670253753662,17178780800.0
7,adam,400,8.799306869506836,51180288000.0
7,adafactor,400,10.833608627319336,42650240000.0
7,sgd,400,8.326598167419434,34120192000.0
7,celo,450,7.613440990447998,19726689600.0
7,celo_pruned,450,7.7060112953186035,19459648800.0
7,celo_q8,450,7.6587724685668945,19326128400.0
7,adam,450,8.61546516418457,57577824000.0
7,adafactor,450,10.29195499420166,47981520000.0
7,sgd,450,8.173545837402344,38385216000.0
7,celo,500,6.376276969909668,21918544000.0
7,celo_pruned,500,6.308807373046875,21621832000.0
7,celo_q8,500,6.251421928405762,21473476000.0
7,adam,500,8.205120086669922,63975360000.0
7,adafactor,500,10.323526382446289,53312800000.0
7,sgd,500,7.453927516937256,42650240000.0
7,celo,550,6.9231109619140625,24110398400.0
7,celo_pruned,550,6.915756702423096,23784015200.0
7,celo_q8,550,6.889403820037842,23620823600.0
7,adam,550,7.787619113922119,70372896000.0
7,adafactor,550,10.250381469726562,58644080000.0
7,sgd,550,7.299332618713379,46915264000.0
7,celo,600,6.835334300994873,26302252800.0
7,celo_pruned,600,6.942903518676758,25946198400.0
7,celo_q8,600,7.001919746398926,25768171200.0
7,adam,600,8.06941032409668,76770432000.0
7,adafactor,600,10.485113143920898,63975360000.0
7,sgd,600,7.8411784172058105,51180288000.0
7,celo,650,6.759180068969727,28494107200.0
7,celo_pruned,650,7.041011810302734,28108381600.0
7,celo_q8,650,6.812333583831787,27915518800.0
7,adam,650,7.571585178375244,83167968000.0
7,adafactor,650,10.363479614257812,69306640000.0
7,sgd,650,7.665771484375,55445312000.0
7,celo,700,6.984433174133301,30685961600.0
7,celo_pruned,700,7.30277156829834,30270564800.0
7,celo_q8,700,6.970083713531494,30062866400.0
7,adam,700,7.558404445648193,89565504000.0
7,adafactor,700,10.459661483764648,74637920000.0
7,sgd,700,7.414392948150635,59710336000.0
7,celo,750,7.2985520362854,32877816000.0
7,celo_pruned,750,7.200166702270508,32432748000.0
7,celo_q8,750,7.043002605438232,32210214000.0
7,adam,750,8.309244155883789,95963040000.0
7,adafactor,750,10.432637214660645,79969200000.0
7,sgd,750,8.235438346862793,63975360000.0
7,celo,800,5.56080436706543,35069670400.0
7,celo_pruned,800,5.588321685791016,34594931200.0
7,celo_q8,800,5.516590118408203,34357561600.0
7,adam,800,6.522714614868164,102360576000.0
7,adafactor,800,10.254054069519043,85300480000.0
7,sgd,800,6.765838146209717,68240384000.0
7,celo,850,6.525477409362793,37261524800.0
7,celo_pruned,850,6.621430397033691,36757114400.0
7,celo_q8,850,6.608028411865234,36504909200.0
7,adam,850,7.075695991516113,108758112000.0
7,adafactor,850,10.189800262451172,90631760000.0
7,sgd,850,7.749178886413574,72505408000.0
7,celo,900,7.5268940925598145,39453379200.0
7,celo_pruned,900,7.745049953460693,38919297600.0
7,celo_q8,900,7.452296257019043,38652256800.0
7,adam,900,7.657615661621094,115155648000.0
7,adafactor,900,10.222707748413086,95963040000.0
7,sgd,900,8.320474624633789,76770432000.0
7,celo,950,7.294828414916992,41645233600.0
7,celo_pruned,950,7.316775321960449,41081480800.0
7,celo_q8,950,7.286418914794922,40799604400.0
7,adam,950,7.771447658538818,121553184000.0
7,adafactor,950,10.511616706848145,101294320000.0
7,sgd,950,8.656145095825195,81035456000.0
7,celo,1000,7.230539798736572,43837088000.0
7,celo_pruned,1000,7.163123607635498,43243664000.0
7,celo_q8,1000,7.04876708984375,42946952000.0
7,adam,1000,7.659767150878906,127950720000.0
7,adafactor,1000,10.427923202514648,106625600000.0
7,sgd,1000,8.392839431762695,85300480000.0
7,celo,1050,6.238151550292969,46028942400.0
7,celo_pruned,1050,6.517296314239502,45405847200.0
7,celo_q8,1050,6.559399604797363,45094299600.0
7,adam,1050,7.150289535522461,134348256000.0
7,adafactor,1050,10.187771797180176,111956880000.0
7,sgd,1050,7.612144947052002,89565504000.0
7,celo,1100,5.816862106323242,48220796800.0
7,celo_pruned,1100,5.825314521789551,47568030400.0
7,celo_q8,1100,5.521071910858154,47241647200.0
7,adam,1100,6.413666725158691,140745792000.0
7,adafactor,1100,9.820878982543945,117288160000.0
7,sgd,1100,6.800610542297363,93830528000.0
7,celo,1150,6.910584926605225,50412651200.0
7,celo_pruned,1150,6.9489312171936035,49730213600.0
7,celo_q8,1150,6.950614929199219,49388994800.0
7,adam,1150,7.438939571380615,147143328000.0
7,adafactor,1150,10.182302474975586,122619440000.0
7,sgd,1150,8.009056091308594,98095552000.0
7,celo,1200,6.453043460845947,52604505600.0
7,celo_pruned,1200,6.547094821929932,51892396800.0
7,celo_q8,1200,6.112364768981934,51536342400.0
7,adam,1200,7.0126166343688965,153540864000.0
7,adafactor,1200,9.924398422241211,127950720000.0
7,sgd,1200,6.804147243499756,102360576000.0
7,celo,1250,6.829699993133545,54796360000.0
7,celo_pruned,1250,6.919587135314941,54054580000.0
7,celo_q8,1250,6.744783401489258,53683690000.0
7,adam,1250,7.099026679992676,159938400000.0
7,adafactor,1250,9.865241050720215,133282000000.0
7,sgd,1250,7.484467506408691,106625600000.0
7,celo,1300,6.8759307861328125,56988214400.0
7,celo_pruned,1300,7.027646064758301,56216763200.0
7,celo_q8,1300,6.867215156555176,55831037600.0
7,adam,1300,7.260951995849609,166335936000.0
7,adafactor,1300,9.85245132446289,138613280000.0
7,sgd,1300,7.715825080871582,110890624000.0
7,celo,1350,6.324646949768066,59180068800.0
7,celo_pruned,1350,6.7591552734375,58378946400.0
7,celo_q8,1350,6.453780174255371,57978385200.0
7,adam,1350,7.193295478820801,172733472000.0
7,adafactor,1350,9.798168182373047,143944560000.0
7,sgd,1350,7.389237403869629,115155648000.0
7,celo,1400,5.523592948913574,61371923200.0
7,celo_pruned,1400,5.659738540649414,60541129600.0
7,celo_q8,1400,5.5058088302612305,60125732800.0
7,adam,1400,5.917071342468262,179131008000.0
7,adafactor,1400,9.573375701904297,149275840000.0
7,sgd,1400,6.4333672523498535,119420672000.0
7,celo,1450,6.378603935241699,63563777600.0
7,celo_pruned,1450,6.612898349761963,62703312800.0
7,celo_q8,1450,6.340179443359375,62273080400.0
7,adam,1450,7.123351097106934,185528544000.0
7,adafactor,1450,9.932388305664062,154607120000.0
7,sgd,1450,7.495265960693359,123685696000.0
7,celo,1500,6.848359107971191,65755632000.0
7,celo_pruned,1500,6.973214149475098,64865496000.0
7,celo_q8,1500,6.7363786697387695,64420428000.0
7,adam,1500,7.275195121765137,191926080000.0
7,adafactor,1500,9.773942947387695,159938400000.0
7,sgd,1500,7.374884128570557,127950720000.0
7,celo,1550,6.123988628387451,67947486400.0
7,celo_pruned,1550,6.392549991607666,67027679200.0
7,celo_q8,1550,6.120209693908691,66567775600.0
7,adam,1550,6.977583885192871,198323616000.0
7,adafactor,1550,10.029666900634766,165269680000.0
7,sgd,1550,7.219708442687988,132215744000.0
7,celo,1600,7.172601222991943,70139340800.0
7,celo_pruned,1600,7.555943489074707,69189862400.0
7,celo_q8,1600,7.180161476135254,68715123200.0
7,adam,1600,7.874102592468262,204721152000.0
7,adafactor,1600,10.037263870239258,170600960000.0
7,sgd,1600,8.037849426269531,136480768000.0
7,celo,1650,6.304877281188965,72331195200.0
7,celo_pruned,1650,6.36069393157959,71352045600.0
7,celo_q8,1650,6.274167060852051,70862470800.0
7,adam,1650,6.481297492980957,211118688000.0
7,adafactor,1650,9.396727561950684,175932240000.0
7,sgd,1650,6.956031799316406,140745792000.0
7,celo,1700,7.093024253845215,74523049600.0
7,celo_pruned,1700,7.107047080993652,73514228800.0
7,celo_q8,1700,7.1799750328063965,73009818400.0
7,adam,1700,7.744635581970215,217516224000.0
7,adafactor,1700,9.590041160583496,181263520000.0
7,sgd,1700,7.69395637512207,145010816000.0
7,celo,1750,5.740660667419434,76714904000.0
7,celo_pruned,1750,6.181262969970703,75676412000.0
7,celo_q8,1750,5.637065887451172,75157166000.0
7,adam,1750,6.339510917663574,223913760000.0
7,adafactor,1750,9.298477172851562,186594800000.0
7,sgd,1750,6.531045436859131,149275840000.0
7,celo,1800,5.972494602203369,78906758400.0
7,celo_pruned,1800,6.243732452392578,77838595200.0
7,celo_q8,1800,5.940645217895508,77304513600.0
7,adam,1800,6.3780999183654785,230311296000.0
7,adafactor,1800,9.284149169921875,191926080000.0
7,sgd,1800,6.974285125732422,153540864000.0
7,celo,1850,6.7147650718688965,81098612800.0
7,celo_pruned,1850,7.038933753967285,80000778400.0
7,celo_q8,1850,6.720657825469971,79451861200.0
7,adam,1850,7.386279582977295,236708832000.0
7,adafactor,1850,9.570070266723633,197257360000.0
7,sgd,1850,7.6072187423706055,157805888000.0
7,celo,1900,6.392951011657715,83290467200.0
7,celo_pruned,1900,7.126093864440918,82162961600.0
7,celo_q8,1900,6.592416286468506,81599208800.0
7,adam,1900,7.293051242828369,243106368000.0
7,adafactor,1900,9.713584899902344,202588640000.0
7,sgd,1900,7.736429214477539,162070912000.0
7,celo,1950,4.871853828430176,85482321600.0
7,celo_pruned,1950,5.405857086181641,84325144800.0
7,celo_q8,1950,4.842793941497803,83746556400.0
7,adam,1950,5.645449161529541,249503904000.0
7,adafactor,1950,8.525970458984375,207919920000.0
7,sgd,1950,5.919267177581787,166335936000.0
7,celo,2000,6.272819995880127,87674176000.0
7,celo_pruned,2000,6.95120906829834,86487328000.0
7,celo_q8,2000,6.329935550689697,85893904000.0
7,adam,2000,6.666172504425049,255901440000.0
7,adafactor,2000,9.1705322265625,213251200000.0
7,sgd,2000,7.661280155181885,170600960000.0
